model,nfe,n_sampling_seeds,mean_tasks_mean,mean_tasks_std,p3_mean,p3_std,p4_mean,p4_std,mean_per_task_std
diffusion_policy_cnn,100,5,3.992,0.030331501776206228,0.9960000000000001,0.008944271909999166,0.96,0.024494897427831758,0.05811731030248646
diffusion_policy_transformer,100,5,3.968,0.03898717737923574,0.9960000000000001,0.008944271909999166,0.9640000000000001,0.016733200530681527,0.04839209900777701
flowpolicy,1,5,3.4199999999999995,0.050990195135927896,0.868,0.03633180424916993,0.58,0.024494897427831758,0.048313515785564955
