model,nfe,n_seeds,p1_mean,p1_std,p2_mean,p2_std,p3_mean,p3_std,p4_mean,p4_std
flowpolicy,1,3,0.9700000000000001,1.3597399555105182e-16,0.93,0.04582575694955838,0.7933333333333333,0.04509249752822893,0.5599999999999999,0.06999999999999999
flowpolicy,8,3,1.0,0.0,0.9933333333333333,0.011547005383792525,0.98,0.01732050807568879,0.84,0.026457513110645866
diffusion_policy_cnn,100,3,1.0,0.0,1.0,0.0,1.0,0.0,0.9899999999999999,0.010000000000000009
diffusion_policy_transformer,100,3,0.9966666666666667,0.005773502691896262,0.9966666666666667,0.005773502691896262,0.9966666666666667,0.005773502691896262,0.9566666666666667,0.01527525231651948
